video_name;bird_id;species_id;action_id;start_frame;end_frame
001-white_wagtail;0;0;1;0;128
001-white_wagtail;0;0;4;129;154
001-white_wagtail;0;0;1;155;172
001-white_wagtail;0;0;4;173;180
001-white_wagtail;0;0;1;181;198
001-white_wagtail;0;0;4;199;241
001-white_wagtail;0;0;1;242;268
001-white_wagtail;0;0;4;269;290
001-white_wagtail;0;0;1;291;347
001-white_wagtail;0;0;4;348;386
001-white_wagtail;0;0;1;387;408
001-white_wagtail;0;0;4;409;428
001-white_wagtail;0;0;1;429;455
001-white_wagtail;0;0;4;456;460
001-white_wagtail;0;0;1;461;464
001-white_wagtail;0;0;4;465;465
001-white_wagtail;0;0;1;466;485
001-white_wagtail;0;0;4;486;492
001-white_wagtail;0;0;1;493;510
001-white_wagtail;0;0;4;511;518
001-white_wagtail;0;0;1;519;563
001-white_wagtail;0;0;4;564;587
001-white_wagtail;0;0;1;588;652
001-white_wagtail;0;0;4;653;695
001-white_wagtail;0;0;1;696;709
001-white_wagtail;0;0;4;710;720
001-white_wagtail;0;0;1;721;734
001-white_wagtail;0;0;4;735;751
001-white_wagtail;0;0;1;752;789
001-white_wagtail;0;0;4;790;802
001-white_wagtail;0;0;1;803;824
001-white_wagtail;0;0;4;825;836
001-white_wagtail;0;0;1;837;851
001-white_wagtail;0;0;4;852;855
001-white_wagtail;0;0;1;856;865
001-white_wagtail;0;0;4;866;871
001-white_wagtail;0;0;1;872;887
001-white_wagtail;0;0;4;888;896
001-white_wagtail;0;0;1;897;925
001-white_wagtail;0;0;4;926;937
001-white_wagtail;0;0;1;938;959
001-white_wagtail;0;0;4;960;968
001-white_wagtail;0;0;1;969;969
001-white_wagtail;0;0;4;970;975
001-white_wagtail;0;0;1;976;983
001-white_wagtail;0;0;4;984;990
001-white_wagtail;0;0;1;991;1003
001-white_wagtail;0;0;4;1004;1004
001-white_wagtail;0;0;1;1005;1016
002-squacco_heron;0;2;4;0;27
002-squacco_heron;0;2;1;28;235
002-squacco_heron;0;2;4;236;395
002-squacco_heron;0;2;5;396;407
003-squacco_heron;0;2;3;0;755
004-squacco_heron;0;2;4;0;217
005-squacco_heron;0;2;4;0;72
005-squacco_heron;0;2;0;73;75
005-squacco_heron;0;2;3;76;716
006-yellow_legged_gull;0;4;3;0;68
006-yellow_legged_gull;0;4;4;69;177
006-yellow_legged_gull;0;4;3;178;314
006-yellow_legged_gull;1;4;0;0;314
007-yellow_legged_gull;0;4;0;0;28
007-yellow_legged_gull;0;4;4;29;118
007-yellow_legged_gull;0;4;0;119;185
007-yellow_legged_gull;0;4;4;186;205
007-yellow_legged_gull;0;4;0;206;267
007-yellow_legged_gull;0;4;4;268;314
008-yellow_legged_gull;0;4;0;0;8
008-yellow_legged_gull;0;4;4;9;35
008-yellow_legged_gull;0;4;0;36;173
008-yellow_legged_gull;0;4;4;174;219
008-yellow_legged_gull;0;4;0;220;235
008-yellow_legged_gull;0;4;4;236;276
008-yellow_legged_gull;0;4;0;277;314
009-yellow_legged_gull;0;4;0;0;14
009-yellow_legged_gull;0;4;4;15;16
009-yellow_legged_gull;0;4;3;17;271
009-yellow_legged_gull;0;4;4;272;314
010-yellow_legged_gull;0;4;0;0;48
010-yellow_legged_gull;0;4;4;49;149
010-yellow_legged_gull;0;4;0;150;216
010-yellow_legged_gull;0;4;4;217;353
010-yellow_legged_gull;0;4;0;354;749
011-yellow_legged_gull;0;4;3;0;175
011-yellow_legged_gull;0;4;0;176;1055
012-black_headed_gull;0;6;3;0;19
012-black_headed_gull;0;6;0;20;29
012-black_headed_gull;0;6;6;30;53
012-black_headed_gull;0;6;0;54;81
012-black_headed_gull;0;6;6;82;125
012-black_headed_gull;0;6;0;126;140
012-black_headed_gull;0;6;6;141;158
012-black_headed_gull;0;6;0;159;166
012-black_headed_gull;0;6;6;167;207
012-black_headed_gull;0;6;3;208;225
012-black_headed_gull;0;6;6;226;281
012-black_headed_gull;0;6;3;282;314
013-black_headed_gull;3;6;3;0;17
013-black_headed_gull;3;6;6;18;25
013-black_headed_gull;3;6;3;26;72
013-black_headed_gull;3;6;6;73;89
013-black_headed_gull;3;6;3;90;210
013-black_headed_gull;3;6;6;211;268
013-black_headed_gull;3;6;3;269;507
013-black_headed_gull;4;6;3;0;16
013-black_headed_gull;4;6;6;17;48
013-black_headed_gull;0;6;3;93;113
013-black_headed_gull;0;6;0;114;135
013-black_headed_gull;0;6;6;136;140
013-black_headed_gull;0;6;3;141;198
013-black_headed_gull;0;6;0;199;214
013-black_headed_gull;0;6;6;215;292
013-black_headed_gull;0;6;0;293;311
013-black_headed_gull;0;6;6;312;559
013-black_headed_gull;0;6;3;560;567
013-black_headed_gull;0;6;6;568;705
013-black_headed_gull;0;6;0;706;730
013-black_headed_gull;0;6;6;731;752
013-black_headed_gull;0;6;3;753;1065
013-black_headed_gull;0;6;6;1066;1228
013-black_headed_gull;0;6;3;1229;1295
013-black_headed_gull;0;6;0;1296;1318
013-black_headed_gull;0;6;6;1319;1412
013-black_headed_gull;0;6;3;1413;1430
013-black_headed_gull;0;6;0;1431;1448
013-black_headed_gull;0;6;3;1449;1491
013-black_headed_gull;0;6;6;1492;1507
013-black_headed_gull;0;6;3;1508;1769
013-black_headed_gull;1;6;3;610;714
013-black_headed_gull;1;6;0;715;721
013-black_headed_gull;1;6;3;722;752
013-black_headed_gull;1;6;0;753;820
013-black_headed_gull;1;6;6;821;877
013-black_headed_gull;1;6;0;878;897
013-black_headed_gull;1;6;6;898;936
013-black_headed_gull;1;6;0;937;964
013-black_headed_gull;1;6;6;965;1003
013-black_headed_gull;1;6;0;1004;1034
013-black_headed_gull;1;6;6;1035;1118
013-black_headed_gull;1;6;0;1119;1129
013-black_headed_gull;1;6;3;1130;1209
013-black_headed_gull;2;6;3;1225;1315
013-black_headed_gull;2;6;6;1316;1373
013-black_headed_gull;2;6;3;1374;1439
013-black_headed_gull;2;6;6;1440;1454
013-black_headed_gull;2;6;0;1455;1759
013-black_headed_gull;2;6;6;1760;1769
014-black_headed_gull;2;6;0;0;244
014-black_headed_gull;2;6;6;245;272
014-black_headed_gull;2;6;3;273;347
014-black_headed_gull;2;6;6;348;480
014-black_headed_gull;2;6;3;481;526
014-black_headed_gull;2;6;6;527;532
014-black_headed_gull;2;6;3;533;574
014-black_headed_gull;2;6;6;575;682
014-black_headed_gull;2;6;3;683;742
014-black_headed_gull;2;6;6;743;749
014-black_headed_gull;2;6;3;750;780
014-black_headed_gull;2;6;6;781;977
014-black_headed_gull;2;6;3;978;1026
014-black_headed_gull;2;6;6;1027;1030
014-black_headed_gull;2;6;3;1031;1052
014-black_headed_gull;2;6;6;1053;1063
014-black_headed_gull;2;6;3;1064;1084
014-black_headed_gull;2;6;6;1085;1412
014-black_headed_gull;2;6;5;1413;1439
014-black_headed_gull;3;6;4;0;282
014-black_headed_gull;0;6;4;290;478
014-black_headed_gull;0;6;6;479;600
014-black_headed_gull;0;6;3;601;675
014-black_headed_gull;0;6;0;676;768
014-black_headed_gull;0;6;6;769;816
014-black_headed_gull;0;6;0;817;864
014-black_headed_gull;0;6;3;865;872
014-black_headed_gull;0;6;0;873;1046
014-black_headed_gull;0;6;6;1047;1072
014-black_headed_gull;0;6;3;1073;1098
014-black_headed_gull;0;6;6;1099;1113
014-black_headed_gull;0;6;3;1114;1123
014-black_headed_gull;0;6;6;1124;1167
014-black_headed_gull;0;6;3;1168;1217
014-black_headed_gull;0;6;6;1218;1264
014-black_headed_gull;0;6;0;1265;1340
014-black_headed_gull;0;6;6;1341;1366
014-black_headed_gull;0;6;3;1367;1394
014-black_headed_gull;0;6;6;1395;1399
014-black_headed_gull;0;6;3;1400;1431
014-black_headed_gull;0;6;5;1432;1558
014-black_headed_gull;1;6;5;1440;1525
015-black_headed_gull;0;6;0;0;50
015-black_headed_gull;0;6;6;51;99
015-black_headed_gull;0;6;0;100;106
015-black_headed_gull;0;6;6;107;233
015-black_headed_gull;0;6;0;234;242
015-black_headed_gull;0;6;6;243;314
016-black_headed_gull;0;6;0;0;22
016-black_headed_gull;0;6;3;23;49
016-black_headed_gull;0;6;6;50;62
016-black_headed_gull;0;6;3;63;119
016-black_headed_gull;0;6;0;120;121
016-black_headed_gull;0;6;6;122;147
016-black_headed_gull;0;6;3;148;186
016-black_headed_gull;0;6;0;187;195
016-black_headed_gull;0;6;3;196;202
016-black_headed_gull;0;6;0;203;208
016-black_headed_gull;0;6;3;209;221
016-black_headed_gull;0;6;6;222;263
016-black_headed_gull;0;6;0;264;275
016-black_headed_gull;0;6;6;276;293
016-black_headed_gull;0;6;0;294;314
017-black_headed_gull;0;6;3;0;46
017-black_headed_gull;0;6;0;47;54
017-black_headed_gull;0;6;6;55;81
017-black_headed_gull;0;6;3;82;130
017-black_headed_gull;0;6;0;131;150
017-black_headed_gull;0;6;6;151;208
017-black_headed_gull;0;6;0;209;213
017-black_headed_gull;0;6;6;214;217
017-black_headed_gull;0;6;3;218;240
017-black_headed_gull;0;6;6;241;246
017-black_headed_gull;0;6;3;247;267
018-eurasian_coot;0;7;1;0;557
019-eurasian_coot;1;7;2;0;177
019-eurasian_coot;2;7;2;0;372
019-eurasian_coot;3;7;2;0;331
019-eurasian_coot;4;7;2;0;329
019-eurasian_coot;0;7;2;343;358
020-eurasian_coot;0;7;2;0;525
021-little_ringed_plover;0;8;6;0;69
021-little_ringed_plover;0;8;1;70;207
021-little_ringed_plover;0;8;6;208;226
021-little_ringed_plover;0;8;1;227;354
021-little_ringed_plover;0;8;6;355;373
022-little_ringed_plover;0;8;1;0;200
022-little_ringed_plover;0;8;6;201;272
022-little_ringed_plover;0;8;1;273;310
022-little_ringed_plover;0;8;6;311;346
022-little_ringed_plover;0;8;1;347;388
022-little_ringed_plover;0;8;6;389;404
022-little_ringed_plover;0;8;1;405;442
022-little_ringed_plover;0;8;6;443;553
022-little_ringed_plover;0;8;3;554;580
022-little_ringed_plover;0;8;3;658;704
022-little_ringed_plover;0;8;6;705;759
022-little_ringed_plover;0;8;3;760;780
022-little_ringed_plover;1;8;3;579;579
022-little_ringed_plover;2;8;3;647;647
022-little_ringed_plover;3;8;3;648;648
022-little_ringed_plover;4;8;3;649;649
022-little_ringed_plover;5;8;3;650;650
022-little_ringed_plover;6;8;3;651;651
022-little_ringed_plover;7;8;3;652;652
022-little_ringed_plover;8;8;3;653;653
022-little_ringed_plover;9;8;3;654;654
022-little_ringed_plover;10;8;3;655;655
022-little_ringed_plover;11;8;3;656;656
022-little_ringed_plover;12;8;3;657;657
023-glossy_ibis;0;1;4;0;144
023-glossy_ibis;0;1;6;145;246
023-glossy_ibis;0;1;1;247;314
023-glossy_ibis;0;1;6;315;495
024-black_headed_gull;0;6;4;0;104
024-black_headed_gull;0;6;3;105;232
024-black_headed_gull;0;6;3;291;308
024-black_headed_gull;0;6;0;309;387
024-black_headed_gull;0;6;3;388;422
024-black_headed_gull;0;6;0;423;495
024-black_headed_gull;0;6;3;496;565
024-black_headed_gull;0;6;4;566;620
024-black_headed_gull;0;6;0;621;737
024-black_headed_gull;0;6;4;738;805
024-black_headed_gull;0;6;0;806;953
024-black_headed_gull;0;6;0;956;981
024-black_headed_gull;0;6;4;982;1132
024-black_headed_gull;0;6;0;1133;1223
024-black_headed_gull;0;6;0;1290;1294
024-black_headed_gull;0;6;0;1300;1327
024-black_headed_gull;0;6;0;1336;1724
024-black_headed_gull;0;6;0;1728;1937
024-black_headed_gull;0;6;0;1953;1953
024-black_headed_gull;0;6;0;1956;1996
024-black_headed_gull;1;6;5;379;423
024-black_headed_gull;1;6;4;424;1036
024-black_headed_gull;1;6;3;1037;1287
024-black_headed_gull;1;6;4;1288;1383
024-black_headed_gull;1;6;3;1384;1452
024-black_headed_gull;1;6;3;2289;2289
024-black_headed_gull;1;6;3;2320;2322
024-black_headed_gull;1;6;3;2328;2330
024-black_headed_gull;2;6;0;954;955
024-black_headed_gull;2;6;0;2288;2288
024-black_headed_gull;2;6;0;2290;2290
024-black_headed_gull;2;6;0;2295;2296
024-black_headed_gull;2;6;0;2327;2327
024-black_headed_gull;3;6;0;1224;1289
024-black_headed_gull;3;6;0;1295;1299
024-black_headed_gull;3;6;0;1328;1335
024-black_headed_gull;3;6;0;1453;1498
024-black_headed_gull;3;6;4;1499;1727
024-black_headed_gull;3;6;4;1731;1991
024-black_headed_gull;3;6;6;1992;2001
024-black_headed_gull;3;6;6;2011;2014
024-black_headed_gull;3;6;6;2021;2022
024-black_headed_gull;3;6;6;2026;2026
024-black_headed_gull;3;6;6;2031;2031
024-black_headed_gull;3;6;6;2082;2082
024-black_headed_gull;3;6;6;2153;2174
024-black_headed_gull;3;6;6;2201;2201
024-black_headed_gull;3;6;6;2242;2272
024-black_headed_gull;3;6;6;2277;2279
024-black_headed_gull;4;6;0;1725;1730
024-black_headed_gull;4;6;0;1954;1954
024-black_headed_gull;4;6;0;2096;2143
024-black_headed_gull;4;6;0;2169;2189
024-black_headed_gull;4;6;0;2191;2192
024-black_headed_gull;4;6;0;2212;2224
024-black_headed_gull;4;6;0;2226;2257
024-black_headed_gull;4;6;0;2262;2315
024-black_headed_gull;4;6;0;2338;2364
024-black_headed_gull;4;6;4;2365;2459
024-black_headed_gull;5;6;0;1938;1952
024-black_headed_gull;5;6;0;1997;2081
024-black_headed_gull;5;6;0;2144;2168
024-black_headed_gull;5;6;0;2193;2211
024-black_headed_gull;6;6;0;1955;1955
024-black_headed_gull;6;6;0;2002;2010
024-black_headed_gull;6;6;0;2015;2020
024-black_headed_gull;6;6;0;2175;2190
024-black_headed_gull;7;6;3;1992;1992
024-black_headed_gull;7;6;3;2023;2025
024-black_headed_gull;7;6;3;2027;2030
024-black_headed_gull;7;6;3;2032;2087
024-black_headed_gull;7;6;3;2089;2089
024-black_headed_gull;7;6;3;2091;2095
024-black_headed_gull;7;6;3;2280;2282
024-black_headed_gull;7;6;5;2283;2284
024-black_headed_gull;8;6;0;2083;2083
024-black_headed_gull;8;6;0;2273;2276
024-black_headed_gull;8;6;0;2333;2334
024-black_headed_gull;9;6;0;2084;2088
024-black_headed_gull;9;6;0;2090;2090
024-black_headed_gull;9;6;0;2332;2332
024-black_headed_gull;9;6;0;2335;2335
024-black_headed_gull;10;6;0;2088;2152
024-black_headed_gull;10;6;0;2336;2337
024-black_headed_gull;11;6;0;2189;2200
024-black_headed_gull;11;6;0;2202;2225
024-black_headed_gull;11;6;0;2258;2261
024-black_headed_gull;12;6;0;2225;2241
024-black_headed_gull;12;6;0;2285;2285
024-black_headed_gull;13;6;0;2286;2287
024-black_headed_gull;13;6;0;2291;2293
024-black_headed_gull;13;6;0;2297;2297
024-black_headed_gull;13;6;0;2326;2326
024-black_headed_gull;14;6;0;2294;2294
024-black_headed_gull;14;6;0;2319;2319
024-black_headed_gull;15;6;5;2316;2316
024-black_headed_gull;15;6;5;2331;2331
024-black_headed_gull;16;6;0;2317;2318
024-black_headed_gull;16;6;0;2323;2325
025-black_headed_gull;0;6;3;0;54
025-black_headed_gull;0;6;4;55;151
025-black_headed_gull;0;6;5;152;162
026-black_headed_gull;0;6;0;0;213
026-black_headed_gull;0;6;3;214;268
026-black_headed_gull;0;6;6;269;273
026-black_headed_gull;0;6;0;274;304
026-black_headed_gull;0;6;0;326;345
026-black_headed_gull;0;6;3;346;396
026-black_headed_gull;0;6;5;397;426
027-gadwall;0;11;2;0;78
027-gadwall;0;11;1;79;284
027-gadwall;0;11;2;285;294
027-gadwall;0;11;6;295;506
027-gadwall;0;11;1;507;571
028-gadwall;0;11;2;0;183
028-gadwall;1;11;2;0;173
028-gadwall;1;11;1;174;183
028-gadwall;2;11;2;0;183
029-gadwall;0;11;2;0;60
029-gadwall;0;11;6;61;258
029-gadwall;0;11;6;274;671
030-gadwall;0;11;2;0;123
030-gadwall;0;11;0;124;168
030-gadwall;0;11;2;169;363
031-gadwall;0;11;2;0;56
031-gadwall;0;11;1;57;364
031-gadwall;1;11;2;0;29
031-gadwall;1;11;0;30;392
031-gadwall;2;11;1;393;445
032-gadwall;0;11;1;0;182
032-gadwall;0;11;2;183;741
033-gadwall;0;11;2;0;251
033-gadwall;1;11;6;0;703
034-gadwall;0;11;2;0;398
034-gadwall;0;11;2;400;402
034-gadwall;0;11;2;590;704
034-gadwall;1;11;2;0;107
034-gadwall;1;11;2;122;129
034-gadwall;2;11;2;0;399
034-gadwall;2;11;2;402;403
034-gadwall;2;11;2;409;409
034-gadwall;2;11;2;412;437
034-gadwall;3;11;2;0;78
034-gadwall;3;11;2;108;121
034-gadwall;3;11;2;279;309
034-gadwall;4;11;2;222;327
034-gadwall;5;11;2;310;317
034-gadwall;6;11;2;318;327
034-gadwall;7;11;2;349;403
034-gadwall;8;11;2;399;401
034-gadwall;8;11;2;411;586
034-gadwall;9;11;2;403;411
034-gadwall;9;11;2;438;586
034-gadwall;9;11;2;705;747
034-gadwall;10;11;2;404;408
034-gadwall;10;11;2;410;410
034-gadwall;11;11;2;460;747
034-gadwall;12;11;2;587;589
034-gadwall;13;11;2;587;747
035-gadwall;0;11;2;0;45
035-gadwall;0;11;2;47;289
035-gadwall;1;11;2;0;199
035-gadwall;2;11;2;222;223
035-gadwall;2;11;2;225;289
036-gadwall;0;11;2;0;307
036-gadwall;0;11;2;309;745
036-gadwall;1;11;2;308;308
036-gadwall;2;11;2;496;745
037-gadwall;0;11;2;0;558
037-gadwall;0;11;2;560;561
037-gadwall;0;11;2;563;566
037-gadwall;0;11;2;568;572
037-gadwall;0;11;2;574;574
037-gadwall;0;11;2;576;582
037-gadwall;0;11;2;642;697
037-gadwall;1;11;2;374;484
037-gadwall;1;11;0;485;559
037-gadwall;2;11;2;559;562
037-gadwall;2;11;2;564;567
037-gadwall;3;11;2;562;563
037-gadwall;3;11;2;938;938
037-gadwall;4;11;2;567;574
037-gadwall;4;11;2;614;835
037-gadwall;4;11;2;837;838
037-gadwall;4;11;2;846;847
037-gadwall;5;11;2;573;573
037-gadwall;5;11;2;575;613
037-gadwall;5;11;2;626;626
037-gadwall;6;11;2;575;575
037-gadwall;6;11;2;627;641
037-gadwall;6;11;2;698;734
037-gadwall;6;11;2;939;1031
037-gadwall;7;11;2;583;625
037-gadwall;7;11;2;735;808
037-gadwall;7;11;2;853;871
037-gadwall;8;11;2;809;830
037-gadwall;8;11;2;839;840
037-gadwall;9;11;2;831;833
037-gadwall;9;11;2;841;852
037-gadwall;10;11;2;834;834
037-gadwall;10;11;2;836;839
037-gadwall;11;11;2;835;835
037-gadwall;11;11;2;840;845
037-gadwall;12;11;2;836;836
037-gadwall;12;11;2;848;852
037-gadwall;13;11;2;853;853
037-gadwall;14;11;2;854;855
037-gadwall;15;11;2;856;858
037-gadwall;16;11;2;859;859
037-gadwall;16;11;2;885;937
037-gadwall;17;11;2;860;864
037-gadwall;17;11;2;866;867
037-gadwall;17;11;2;872;873
037-gadwall;17;11;2;876;876
037-gadwall;17;11;2;878;891
037-gadwall;17;11;2;934;937
037-gadwall;18;11;2;865;865
037-gadwall;19;11;2;868;869
037-gadwall;19;11;2;880;881
037-gadwall;20;11;2;870;870
037-gadwall;21;11;2;871;872
037-gadwall;22;11;2;873;877
037-gadwall;22;11;2;892;893
037-gadwall;23;11;2;874;875
037-gadwall;23;11;2;877;879
037-gadwall;23;11;2;882;884
037-gadwall;23;11;2;894;933
037-gadwall;24;11;2;938;938
037-gadwall;25;11;2;940;987
038-gadwall;0;11;2;0;70
038-gadwall;0;11;1;71;273
038-gadwall;0;11;2;274;605
039-gadwall;0;11;2;0;109
039-gadwall;0;11;1;110;161
039-gadwall;0;11;2;162;177
039-gadwall;0;11;2;198;198
039-gadwall;0;11;2;201;206
039-gadwall;0;11;2;208;208
039-gadwall;0;11;2;210;211
039-gadwall;0;11;2;213;269
039-gadwall;0;11;2;271;372
039-gadwall;0;11;6;373;467
040-mallard;0;12;1;0;863
040-mallard;0;12;6;864;997
041-mallard;0;12;6;0;491
042-mallard;0;12;1;0;285
042-mallard;0;12;6;286;470
042-mallard;0;12;1;471;568
042-mallard;0;12;6;569;933
043-mallard;0;12;2;0;54
043-mallard;0;12;6;55;647
044-mallard;0;12;2;0;675
044-mallard;1;12;2;0;194
044-mallard;1;12;6;195;675
045-mallard;0;12;2;0;162
045-mallard;0;12;6;163;545
045-mallard;1;12;2;58;449
045-mallard;1;12;6;450;545
046-mallard;0;12;1;0;98
046-mallard;0;12;4;99;149
046-mallard;0;12;0;150;232
046-mallard;0;12;4;233;385
046-mallard;1;12;2;3;122
046-mallard;1;12;2;386;603
046-mallard;1;12;0;604;898
046-mallard;1;12;2;899;913
046-mallard;2;12;2;253;598
046-mallard;2;12;0;599;849
046-mallard;3;12;4;850;904
046-mallard;3;12;2;905;1068
046-mallard;3;12;1;1069;1503
046-mallard;4;12;4;914;1503
047-glossy_ibis;0;1;0;0;19
047-glossy_ibis;0;1;0;21;99
047-glossy_ibis;0;1;0;101;1066
047-glossy_ibis;0;1;0;1068;1365
047-glossy_ibis;1;1;0;0;617
047-glossy_ibis;1;1;0;619;619
047-glossy_ibis;1;1;0;621;1365
047-glossy_ibis;2;1;0;0;628
047-glossy_ibis;2;1;0;645;646
047-glossy_ibis;2;1;0;648;683
047-glossy_ibis;2;1;0;726;731
047-glossy_ibis;2;1;0;989;993
047-glossy_ibis;2;1;0;998;1365
047-glossy_ibis;3;1;0;464;464
047-glossy_ibis;3;1;0;516;543
047-glossy_ibis;3;1;0;571;571
047-glossy_ibis;3;1;0;574;574
047-glossy_ibis;3;1;0;578;579
047-glossy_ibis;3;1;0;581;582
047-glossy_ibis;3;1;0;663;663
047-glossy_ibis;3;1;0;1190;1191
047-glossy_ibis;3;1;0;1195;1195
047-glossy_ibis;3;1;0;1205;1205
047-glossy_ibis;3;1;0;1207;1207
047-glossy_ibis;3;1;0;1220;1223
047-glossy_ibis;3;1;0;1225;1228
047-glossy_ibis;3;1;0;1232;1234
047-glossy_ibis;3;1;0;1236;1248
047-glossy_ibis;3;1;0;1250;1280
047-glossy_ibis;3;1;0;1298;1311
047-glossy_ibis;3;1;0;1313;1365
047-glossy_ibis;4;1;0;456;463
047-glossy_ibis;4;1;0;465;465
047-glossy_ibis;4;1;0;474;488
047-glossy_ibis;4;1;0;495;507
047-glossy_ibis;4;1;0;544;570
047-glossy_ibis;4;1;0;572;573
047-glossy_ibis;4;1;0;575;577
047-glossy_ibis;4;1;0;580;580
047-glossy_ibis;4;1;0;583;616
047-glossy_ibis;4;1;0;620;636
047-glossy_ibis;4;1;0;638;1229
047-glossy_ibis;4;1;0;1231;1365
047-glossy_ibis;5;1;0;464;473
047-glossy_ibis;5;1;0;482;490
047-glossy_ibis;5;1;1;491;570
047-glossy_ibis;5;1;1;572;576
047-glossy_ibis;5;1;1;578;580
047-glossy_ibis;5;1;1;582;620
047-glossy_ibis;5;1;0;621;636
047-glossy_ibis;5;1;0;796;796
047-glossy_ibis;5;1;0;799;799
047-glossy_ibis;5;1;0;801;801
047-glossy_ibis;5;1;0;822;828
047-glossy_ibis;5;1;0;830;1129
047-glossy_ibis;6;1;0;466;481
047-glossy_ibis;6;1;0;571;571
047-glossy_ibis;6;1;0;577;577
047-glossy_ibis;6;1;0;581;581
047-glossy_ibis;6;1;0;637;662
047-glossy_ibis;6;1;0;664;1111
047-glossy_ibis;6;1;0;1113;1114
047-glossy_ibis;6;1;0;1116;1136
047-glossy_ibis;6;1;0;1164;1330
047-glossy_ibis;6;1;0;1332;1340
047-glossy_ibis;6;1;0;1356;1356
047-glossy_ibis;7;1;0;628;644
047-glossy_ibis;7;1;0;647;647
047-glossy_ibis;7;1;0;684;714
047-glossy_ibis;7;1;0;725;734
047-glossy_ibis;7;1;0;745;748
047-glossy_ibis;7;1;0;889;889
047-glossy_ibis;7;1;0;891;892
047-glossy_ibis;7;1;0;894;988
047-glossy_ibis;7;1;0;994;997
047-glossy_ibis;7;1;0;1038;1071
047-glossy_ibis;7;1;0;1073;1105
047-glossy_ibis;8;1;0;712;713
047-glossy_ibis;8;1;0;715;724
047-glossy_ibis;8;1;0;735;744
047-glossy_ibis;8;1;0;749;795
047-glossy_ibis;8;1;0;797;798
047-glossy_ibis;8;1;0;800;800
047-glossy_ibis;8;1;0;802;821
047-glossy_ibis;8;1;0;829;829
047-glossy_ibis;8;1;0;1107;1169
047-glossy_ibis;8;1;0;1171;1189
047-glossy_ibis;8;1;0;1192;1194
047-glossy_ibis;8;1;0;1196;1204
047-glossy_ibis;8;1;0;1206;1206
047-glossy_ibis;8;1;0;1208;1219
047-glossy_ibis;8;1;0;1224;1224
047-glossy_ibis;8;1;0;1229;1231
047-glossy_ibis;8;1;0;1235;1235
047-glossy_ibis;8;1;0;1249;1249
047-glossy_ibis;8;1;0;1281;1281
047-glossy_ibis;8;1;0;1290;1297
047-glossy_ibis;8;1;0;1312;1312
047-glossy_ibis;9;1;0;714;725
047-glossy_ibis;9;1;0;732;1088
047-glossy_ibis;9;1;0;1090;1104
047-glossy_ibis;9;1;0;1106;1111
047-glossy_ibis;9;1;0;1114;1161
047-glossy_ibis;9;1;0;1164;1198
047-glossy_ibis;9;1;0;1200;1208
047-glossy_ibis;9;1;0;1223;1223
047-glossy_ibis;9;1;0;1229;1238
047-glossy_ibis;10;1;0;952;952
047-glossy_ibis;11;1;0;1112;1112
047-glossy_ibis;11;1;0;1115;1115
047-glossy_ibis;11;1;0;1130;1163
047-glossy_ibis;11;1;0;1167;1331
047-glossy_ibis;11;1;0;1334;1335
047-glossy_ibis;11;1;0;1341;1355
047-glossy_ibis;11;1;0;1357;1365
047-glossy_ibis;12;1;0;1161;1163
047-glossy_ibis;12;1;0;1209;1222
047-glossy_ibis;12;1;0;1225;1228
047-glossy_ibis;13;1;0;1170;1170
047-glossy_ibis;13;1;0;1224;1224
047-glossy_ibis;13;1;0;1239;1289
047-glossy_ibis;13;1;0;1303;1365
047-glossy_ibis;14;1;0;1282;1302
047-glossy_ibis;15;1;0;1331;1333
047-glossy_ibis;15;1;0;1336;1365
048-glossy_ibis;0;1;0;0;1120
049-glossy_ibis;0;1;0;0;214
049-glossy_ibis;0;1;1;215;314
049-glossy_ibis;0;1;0;315;484
049-glossy_ibis;0;1;4;485;564
049-glossy_ibis;0;1;0;565;1560
049-glossy_ibis;1;1;0;0;484
049-glossy_ibis;1;1;0;490;492
049-glossy_ibis;2;1;0;0;68
049-glossy_ibis;2;1;0;190;230
049-glossy_ibis;2;1;0;475;481
049-glossy_ibis;2;1;0;496;574
049-glossy_ibis;2;1;0;617;777
049-glossy_ibis;2;1;0;780;897
049-glossy_ibis;2;1;0;901;909
049-glossy_ibis;2;1;0;913;999
049-glossy_ibis;2;1;0;1003;1009
049-glossy_ibis;2;1;0;1011;1015
049-glossy_ibis;2;1;0;1025;1030
049-glossy_ibis;2;1;0;1033;1036
049-glossy_ibis;2;1;0;1039;1048
049-glossy_ibis;2;1;0;1050;1054
049-glossy_ibis;2;1;0;1057;1058
049-glossy_ibis;2;1;0;1066;1067
049-glossy_ibis;2;1;0;1070;1075
049-glossy_ibis;2;1;0;1077;1092
049-glossy_ibis;2;1;0;1109;1127
049-glossy_ibis;2;1;0;1143;1146
049-glossy_ibis;2;1;0;1151;1171
049-glossy_ibis;2;1;0;1173;1173
049-glossy_ibis;2;1;0;1176;1179
049-glossy_ibis;2;1;0;1181;1182
049-glossy_ibis;2;1;0;1186;1187
049-glossy_ibis;2;1;0;1190;1208
049-glossy_ibis;2;1;0;1213;1215
049-glossy_ibis;2;1;0;1217;1217
049-glossy_ibis;2;1;0;1219;1223
049-glossy_ibis;2;1;0;1226;1226
049-glossy_ibis;2;1;0;1228;1237
049-glossy_ibis;2;1;0;1242;1273
049-glossy_ibis;2;1;0;1279;1281
049-glossy_ibis;2;1;0;1283;1284
049-glossy_ibis;2;1;0;1286;1290
049-glossy_ibis;2;1;0;1301;1304
049-glossy_ibis;2;1;0;1308;1319
049-glossy_ibis;2;1;0;1326;1327
049-glossy_ibis;2;1;0;1329;1331
049-glossy_ibis;2;1;0;1334;1342
049-glossy_ibis;2;1;0;1348;1354
049-glossy_ibis;2;1;0;1357;1363
049-glossy_ibis;2;1;0;1379;1390
049-glossy_ibis;2;1;0;1425;1455
049-glossy_ibis;3;1;0;0;500
049-glossy_ibis;3;1;0;503;554
049-glossy_ibis;3;1;0;576;577
049-glossy_ibis;4;1;0;0;502
049-glossy_ibis;4;1;0;507;507
049-glossy_ibis;4;1;0;509;520
049-glossy_ibis;4;1;0;555;575
049-glossy_ibis;4;1;0;578;757
049-glossy_ibis;4;1;0;760;835
049-glossy_ibis;5;1;0;482;489
049-glossy_ibis;5;1;0;493;579
049-glossy_ibis;5;1;0;583;610
049-glossy_ibis;5;1;0;679;689
049-glossy_ibis;5;1;0;714;714
049-glossy_ibis;5;1;0;724;724
049-glossy_ibis;5;1;0;754;765
049-glossy_ibis;5;1;0;785;785
049-glossy_ibis;5;1;0;814;814
049-glossy_ibis;5;1;0;818;818
049-glossy_ibis;5;1;0;821;823
049-glossy_ibis;5;1;0;830;830
049-glossy_ibis;5;1;0;833;848
049-glossy_ibis;5;1;0;853;853
049-glossy_ibis;5;1;0;862;862
049-glossy_ibis;5;1;0;864;878
049-glossy_ibis;5;1;0;887;888
049-glossy_ibis;5;1;0;896;896
049-glossy_ibis;5;1;0;898;898
049-glossy_ibis;5;1;0;913;940
049-glossy_ibis;5;1;0;952;953
049-glossy_ibis;5;1;0;957;1560
049-glossy_ibis;6;1;0;485;495
049-glossy_ibis;6;1;0;898;900
049-glossy_ibis;6;1;0;910;912
049-glossy_ibis;6;1;0;1274;1278
049-glossy_ibis;6;1;0;1285;1285
049-glossy_ibis;6;1;0;1328;1328
049-glossy_ibis;6;1;0;1355;1356
049-glossy_ibis;6;1;0;1456;1545
049-glossy_ibis;7;1;0;501;506
049-glossy_ibis;7;1;0;508;508
049-glossy_ibis;7;1;0;521;919
049-glossy_ibis;7;1;0;921;1560
049-glossy_ibis;8;1;0;575;578
049-glossy_ibis;8;1;0;580;580
049-glossy_ibis;9;1;0;579;616
049-glossy_ibis;9;1;0;836;858
049-glossy_ibis;9;1;0;882;882
049-glossy_ibis;10;1;0;581;582
049-glossy_ibis;10;1;0;690;713
049-glossy_ibis;10;1;0;715;723
049-glossy_ibis;10;1;0;725;749
049-glossy_ibis;10;1;0;766;784
049-glossy_ibis;10;1;0;809;813
049-glossy_ibis;10;1;0;815;817
049-glossy_ibis;10;1;0;819;820
049-glossy_ibis;10;1;0;824;829
049-glossy_ibis;10;1;0;831;832
049-glossy_ibis;10;1;0;849;850
049-glossy_ibis;11;1;0;610;678
049-glossy_ibis;11;1;0;750;750
049-glossy_ibis;11;1;0;786;808
049-glossy_ibis;11;1;0;863;868
049-glossy_ibis;12;1;0;751;753
049-glossy_ibis;12;1;0;778;779
049-glossy_ibis;12;1;0;1000;1002
049-glossy_ibis;12;1;0;1010;1010
049-glossy_ibis;12;1;0;1016;1024
049-glossy_ibis;12;1;0;1031;1032
049-glossy_ibis;12;1;0;1037;1038
049-glossy_ibis;12;1;0;1049;1049
049-glossy_ibis;12;1;0;1055;1056
049-glossy_ibis;12;1;0;1059;1065
049-glossy_ibis;12;1;0;1068;1069
049-glossy_ibis;12;1;0;1076;1076
049-glossy_ibis;12;1;0;1093;1108
049-glossy_ibis;12;1;0;1128;1142
049-glossy_ibis;12;1;0;1147;1150
049-glossy_ibis;12;1;0;1172;1172
049-glossy_ibis;12;1;0;1174;1175
049-glossy_ibis;12;1;0;1180;1180
049-glossy_ibis;12;1;0;1183;1185
049-glossy_ibis;12;1;0;1188;1189
049-glossy_ibis;12;1;0;1209;1212
049-glossy_ibis;12;1;0;1216;1216
049-glossy_ibis;12;1;0;1218;1218
049-glossy_ibis;12;1;0;1224;1225
049-glossy_ibis;12;1;0;1227;1227
049-glossy_ibis;12;1;0;1238;1241
049-glossy_ibis;12;1;0;1291;1300
049-glossy_ibis;12;1;0;1305;1307
049-glossy_ibis;12;1;0;1320;1325
049-glossy_ibis;12;1;0;1332;1333
049-glossy_ibis;12;1;0;1343;1347
049-glossy_ibis;12;1;0;1364;1378
049-glossy_ibis;12;1;0;1391;1424
049-glossy_ibis;13;1;0;837;837
049-glossy_ibis;13;1;0;855;861
049-glossy_ibis;14;1;0;838;838
049-glossy_ibis;14;1;0;863;863
049-glossy_ibis;15;1;0;839;839
049-glossy_ibis;15;1;0;851;852
049-glossy_ibis;15;1;0;854;854
049-glossy_ibis;16;1;0;859;862
049-glossy_ibis;16;1;0;879;881
049-glossy_ibis;16;1;0;883;886
049-glossy_ibis;16;1;0;889;895
049-glossy_ibis;16;1;0;897;897
049-glossy_ibis;16;1;0;899;912
049-glossy_ibis;16;1;0;941;951
049-glossy_ibis;16;1;0;954;956
050-eurasian_moorhen;0;9;0;0;657
050-eurasian_moorhen;0;9;4;658;711
050-eurasian_moorhen;0;9;0;712;721
050-eurasian_moorhen;0;9;6;722;1379
051-eurasian_moorhen;0;9;2;0;1019
052-eurasian_moorhen;0;9;0;0;779
052-eurasian_moorhen;0;9;4;780;824
052-eurasian_moorhen;0;9;0;825;1160
052-eurasian_moorhen;0;9;6;1161;1344
053-eurasian_moorhen;0;9;0;0;490
053-eurasian_moorhen;0;9;4;491;551
053-eurasian_moorhen;0;9;0;552;1015
053-eurasian_moorhen;0;9;0;1017;1104
053-eurasian_moorhen;0;9;6;1105;1112
054-eurasian_moorhen;0;9;0;0;266
054-eurasian_moorhen;0;9;0;277;572
054-eurasian_moorhen;0;9;4;573;840
054-eurasian_moorhen;0;9;0;841;1022
055-eurasian_moorhen;0;9;2;0;597
055-eurasian_moorhen;1;9;0;554;555
055-eurasian_moorhen;1;9;6;556;575
055-eurasian_moorhen;1;9;6;577;578
055-eurasian_moorhen;2;9;6;576;576
055-eurasian_moorhen;2;9;6;579;587
055-eurasian_moorhen;3;9;6;588;597
056-eurasian_moorhen;0;9;3;0;163
056-eurasian_moorhen;0;9;0;164;1772
056-eurasian_moorhen;0;9;4;1773;1996
056-eurasian_moorhen;0;9;0;1997;2221
057-eurasian_moorhen;0;9;0;0;96
057-eurasian_moorhen;0;9;4;97;198
057-eurasian_moorhen;0;9;0;199;1892
058-northern_shoveler;0;5;0;0;504
058-northern_shoveler;0;5;2;505;634
058-northern_shoveler;0;5;6;635;811
058-northern_shoveler;0;5;2;812;911
059-northern_shoveler;0;5;0;0;1019
060-northern_shoveler;0;5;0;0;235
061-northern_shoveler;0;5;2;0;43
061-northern_shoveler;0;5;0;44;713
062-northern_shoveler;0;5;2;0;349
062-northern_shoveler;0;5;5;350;367
062-northern_shoveler;0;5;5;374;377
062-northern_shoveler;0;5;5;383;385
062-northern_shoveler;0;5;5;390;391
062-northern_shoveler;0;5;5;395;418
062-northern_shoveler;0;5;2;419;609
062-northern_shoveler;1;5;5;368;368
062-northern_shoveler;2;5;5;369;373
062-northern_shoveler;2;5;5;378;378
062-northern_shoveler;2;5;5;381;382
062-northern_shoveler;2;5;5;388;389
062-northern_shoveler;2;5;5;394;394
062-northern_shoveler;3;5;5;379;380
062-northern_shoveler;3;5;5;386;387
062-northern_shoveler;3;5;5;392;393
062-northern_shoveler;4;5;6;534;609
062-northern_shoveler;5;5;6;568;609
063-northern_shoveler;0;5;2;0;454
063-northern_shoveler;0;5;2;457;466
063-northern_shoveler;0;5;2;468;585
063-northern_shoveler;1;5;2;455;456
063-northern_shoveler;1;5;2;467;467
063-northern_shoveler;2;5;2;506;585
064-northern_shoveler;0;5;0;0;913
065-northern_shoveler;0;5;0;0;637
066-northern_shoveler;0;5;2;0;547
066-northern_shoveler;0;5;0;548;662
066-northern_shoveler;0;5;1;663;757
066-northern_shoveler;0;5;2;758;1039
067-northern_shoveler;0;5;2;0;655
068-northern_shoveler;0;5;6;0;19
068-northern_shoveler;0;5;6;21;21
068-northern_shoveler;0;5;6;299;299
068-northern_shoveler;0;5;6;301;301
068-northern_shoveler;1;5;2;0;18
068-northern_shoveler;1;5;2;23;297
068-northern_shoveler;1;5;6;484;511
068-northern_shoveler;1;5;6;946;948
068-northern_shoveler;1;5;6;950;1069
068-northern_shoveler;2;5;6;0;19
068-northern_shoveler;2;5;6;301;301
068-northern_shoveler;3;5;2;19;19
068-northern_shoveler;3;5;2;1234;1259
068-northern_shoveler;4;5;6;20;20
068-northern_shoveler;4;5;6;300;300
068-northern_shoveler;5;5;6;20;20
068-northern_shoveler;5;5;6;799;823
068-northern_shoveler;6;5;6;20;20
068-northern_shoveler;6;5;6;300;300
068-northern_shoveler;6;5;6;303;318
068-northern_shoveler;6;5;6;376;464
068-northern_shoveler;7;5;6;21;21
068-northern_shoveler;8;5;2;21;297
068-northern_shoveler;8;5;2;465;466
068-northern_shoveler;9;5;6;22;298
068-northern_shoveler;10;5;6;22;22
068-northern_shoveler;10;5;6;298;298
068-northern_shoveler;10;5;6;512;601
068-northern_shoveler;11;5;2;23;297
068-northern_shoveler;11;5;2;299;299
068-northern_shoveler;11;5;2;377;379
068-northern_shoveler;11;5;2;401;416
068-northern_shoveler;11;5;2;468;476
068-northern_shoveler;11;5;2;506;945
068-northern_shoveler;11;5;2;949;949
068-northern_shoveler;12;5;6;298;298
068-northern_shoveler;12;5;6;300;300
068-northern_shoveler;12;5;6;380;400
068-northern_shoveler;12;5;6;477;505
068-northern_shoveler;13;5;6;298;298
068-northern_shoveler;13;5;6;467;467
068-northern_shoveler;14;5;6;299;299
068-northern_shoveler;15;5;2;299;299
068-northern_shoveler;15;5;2;301;301
068-northern_shoveler;15;5;6;824;892
068-northern_shoveler;16;5;6;300;300
068-northern_shoveler;16;5;6;1037;1233
068-northern_shoveler;17;5;2;301;379
068-northern_shoveler;17;5;2;413;468
068-northern_shoveler;17;5;2;701;817
068-northern_shoveler;17;5;2;858;908
068-northern_shoveler;17;5;2;923;943
068-northern_shoveler;17;5;2;962;1036
068-northern_shoveler;18;5;6;302;302
068-northern_shoveler;18;5;6;319;375
068-northern_shoveler;19;5;6;302;380
068-northern_shoveler;19;5;6;465;468
068-northern_shoveler;20;5;6;302;376
068-northern_shoveler;20;5;6;417;464
068-northern_shoveler;20;5;6;1110;1176
068-northern_shoveler;20;5;6;1204;1259
068-northern_shoveler;21;5;6;469;483
068-northern_shoveler;21;5;6;1177;1203
068-northern_shoveler;22;5;6;561;587
068-northern_shoveler;22;5;6;638;652
068-northern_shoveler;23;5;6;772;798
068-northern_shoveler;23;5;6;1070;1109
069-northern_shoveler;0;5;2;0;523
070-northern_shoveler;0;5;0;0;501
071-black_winged_stilt;0;3;3;0;163
071-black_winged_stilt;0;3;0;164;316
071-black_winged_stilt;0;3;3;317;394
071-black_winged_stilt;0;3;0;395;457
071-black_winged_stilt;0;3;3;458;485
071-black_winged_stilt;0;3;4;486;558
071-black_winged_stilt;0;3;3;559;579
071-black_winged_stilt;1;3;3;457;579
072-black_winged_stilt;0;3;3;0;186
072-black_winged_stilt;1;3;5;181;181
072-black_winged_stilt;2;3;5;182;182
072-black_winged_stilt;3;3;5;183;183
072-black_winged_stilt;4;3;5;184;184
072-black_winged_stilt;5;3;5;185;185
072-black_winged_stilt;6;3;5;186;467
072-black_winged_stilt;7;3;3;187;187
072-black_winged_stilt;8;3;3;188;188
072-black_winged_stilt;9;3;3;189;189
072-black_winged_stilt;10;3;3;190;191
073-black_winged_stilt;0;3;4;0;69
073-black_winged_stilt;0;3;4;100;103
073-black_winged_stilt;0;3;4;182;371
073-black_winged_stilt;0;3;4;473;507
073-black_winged_stilt;1;3;4;70;99
073-black_winged_stilt;1;3;4;104;183
073-black_winged_stilt;2;3;4;161;162
073-black_winged_stilt;3;3;4;163;170
073-black_winged_stilt;4;3;4;169;424
073-black_winged_stilt;5;3;4;171;174
073-black_winged_stilt;6;3;4;175;181
073-black_winged_stilt;6;3;4;372;373
073-black_winged_stilt;6;3;4;377;377
073-black_winged_stilt;7;3;4;184;472
073-black_winged_stilt;8;3;4;374;374
073-black_winged_stilt;8;3;4;378;378
073-black_winged_stilt;8;3;4;382;383
073-black_winged_stilt;9;3;4;375;375
073-black_winged_stilt;10;3;4;376;376
073-black_winged_stilt;11;3;4;379;380
073-black_winged_stilt;11;3;4;384;384
073-black_winged_stilt;12;3;4;381;381
073-black_winged_stilt;13;3;4;385;395
073-black_winged_stilt;14;3;4;396;398
074-black_winged_stilt;0;3;3;0;647
075-black_winged_stilt;0;3;3;0;413
075-black_winged_stilt;0;3;0;414;743
076-black_winged_stilt;0;3;6;0;46
076-black_winged_stilt;0;3;6;483;589
076-black_winged_stilt;1;3;3;0;103
076-black_winged_stilt;1;3;6;104;322
076-black_winged_stilt;1;3;0;323;536
076-black_winged_stilt;1;3;6;537;589
076-black_winged_stilt;2;3;5;484;484
076-black_winged_stilt;3;3;5;485;485
076-black_winged_stilt;4;3;5;486;486
076-black_winged_stilt;5;3;5;487;487
076-black_winged_stilt;6;3;5;488;489
076-black_winged_stilt;7;3;5;490;491
076-black_winged_stilt;8;3;5;492;492
076-black_winged_stilt;9;3;5;493;494
076-black_winged_stilt;10;3;5;495;495
076-black_winged_stilt;11;3;5;496;497
077-black_winged_stilt;0;3;3;0;244
077-black_winged_stilt;1;3;3;0;207
077-black_winged_stilt;1;3;3;247;249
077-black_winged_stilt;2;3;3;208;212
077-black_winged_stilt;2;3;3;296;303
077-black_winged_stilt;2;3;5;304;304
077-black_winged_stilt;3;3;3;213;217
077-black_winged_stilt;4;3;3;218;229
077-black_winged_stilt;4;3;0;230;243
077-black_winged_stilt;5;3;3;244;295
077-black_winged_stilt;5;3;3;305;305
077-black_winged_stilt;6;3;5;245;246
077-black_winged_stilt;6;3;5;306;306
077-black_winged_stilt;7;3;3;250;250
077-black_winged_stilt;7;3;3;309;309
077-black_winged_stilt;8;3;3;251;251
077-black_winged_stilt;8;3;3;307;308
077-black_winged_stilt;9;3;3;252;252
077-black_winged_stilt;9;3;3;310;310
077-black_winged_stilt;10;3;3;253;253
077-black_winged_stilt;10;3;3;256;256
077-black_winged_stilt;10;3;3;314;316
077-black_winged_stilt;11;3;3;254;255
077-black_winged_stilt;11;3;3;311;311
077-black_winged_stilt;12;3;3;257;258
077-black_winged_stilt;12;3;3;318;319
077-black_winged_stilt;13;3;3;259;259
077-black_winged_stilt;13;3;3;262;262
077-black_winged_stilt;13;3;3;321;322
077-black_winged_stilt;14;3;3;260;261
077-black_winged_stilt;14;3;3;320;320
077-black_winged_stilt;14;3;3;323;327
077-black_winged_stilt;15;3;3;263;266
077-black_winged_stilt;15;3;3;328;332
077-black_winged_stilt;16;3;3;267;272
077-black_winged_stilt;16;3;3;333;333
077-black_winged_stilt;17;3;3;312;313
077-black_winged_stilt;18;3;3;317;317
078-eurasian_magpie;0;10;0;0;383
078-eurasian_magpie;0;10;4;384;422
078-eurasian_magpie;0;10;0;423;756
078-eurasian_magpie;0;10;5;757;763
079-eurasian_magpie;0;10;0;0;380
079-eurasian_magpie;0;10;4;381;467
079-eurasian_magpie;0;10;0;468;712
079-eurasian_magpie;0;10;4;713;747
079-eurasian_magpie;0;10;5;748;758
080-yellow_legged_gull;0;4;0;0;107
080-yellow_legged_gull;0;4;4;108;210
080-yellow_legged_gull;0;4;0;211;299
081-yellow_legged_gull;0;4;4;0;94
081-yellow_legged_gull;0;4;3;95;150
081-yellow_legged_gull;0;4;0;151;255
081-yellow_legged_gull;0;4;3;256;285
082-yellow_legged_gull;0;4;6;0;788
082-yellow_legged_gull;0;4;3;789;914
082-yellow_legged_gull;0;4;5;915;916
082-yellow_legged_gull;0;4;5;1633;1634
082-yellow_legged_gull;1;4;0;0;874
082-yellow_legged_gull;1;4;4;875;917
082-yellow_legged_gull;1;4;4;972;1006
082-yellow_legged_gull;1;4;0;1007;1603
082-yellow_legged_gull;1;4;4;1604;1632
082-yellow_legged_gull;2;4;5;917;919
082-yellow_legged_gull;2;4;5;923;927
082-yellow_legged_gull;2;4;5;931;931
082-yellow_legged_gull;3;4;5;920;920
082-yellow_legged_gull;3;4;5;1674;1674
082-yellow_legged_gull;4;4;5;921;922
082-yellow_legged_gull;4;4;5;942;977
082-yellow_legged_gull;4;4;3;1037;1153
082-yellow_legged_gull;4;4;6;1154;1633
082-yellow_legged_gull;4;4;5;1634;1635
082-yellow_legged_gull;5;4;5;922;923
082-yellow_legged_gull;5;4;5;1635;1646
082-yellow_legged_gull;5;4;5;1648;1710
082-yellow_legged_gull;5;4;3;1711;1741
082-yellow_legged_gull;5;4;0;1742;2369
082-yellow_legged_gull;6;4;5;924;924
082-yellow_legged_gull;6;4;5;927;930
082-yellow_legged_gull;7;4;5;925;925
082-yellow_legged_gull;8;4;5;926;926
082-yellow_legged_gull;8;4;5;932;971
082-yellow_legged_gull;9;4;5;1636;1638
082-yellow_legged_gull;9;4;5;1643;1643
082-yellow_legged_gull;9;4;5;1646;1646
082-yellow_legged_gull;9;4;5;1651;1651
082-yellow_legged_gull;9;4;5;1653;1653
082-yellow_legged_gull;9;4;5;1662;1662
082-yellow_legged_gull;10;4;5;1639;1639
082-yellow_legged_gull;10;4;5;1647;1647
082-yellow_legged_gull;11;4;5;1640;1642
082-yellow_legged_gull;11;4;5;1648;1650
082-yellow_legged_gull;11;4;5;1654;1657
082-yellow_legged_gull;11;4;5;1663;1663
082-yellow_legged_gull;12;4;5;1644;1645
082-yellow_legged_gull;12;4;5;1652;1652
082-yellow_legged_gull;12;4;5;1658;1661
082-yellow_legged_gull;12;4;5;1664;1673
082-yellow_legged_gull;13;4;5;1647;1647
083-yellow_legged_gull;0;4;0;0;66
083-yellow_legged_gull;0;4;4;67;95
083-yellow_legged_gull;0;4;0;96;299
083-yellow_legged_gull;1;4;3;0;66
083-yellow_legged_gull;1;4;0;67;130
083-yellow_legged_gull;1;4;4;131;299
084-yellow_legged_gull;0;4;3;0;120
084-yellow_legged_gull;0;4;0;121;254
084-yellow_legged_gull;0;4;4;255;334
084-yellow_legged_gull;0;4;0;335;407
084-yellow_legged_gull;0;4;4;408;535
084-yellow_legged_gull;0;4;0;536;614
085-yellow_legged_gull;0;4;0;0;838
085-yellow_legged_gull;0;4;4;839;909
085-yellow_legged_gull;1;4;5;844;870
086-little_ringed_plover;0;8;3;0;45
086-little_ringed_plover;0;8;4;46;157
086-little_ringed_plover;0;8;3;158;277
087-little_ringed_plover;0;8;3;0;153
088-little_ringed_plover;0;8;3;0;26
088-little_ringed_plover;0;8;4;27;98
088-little_ringed_plover;0;8;3;99;121
089-little_ringed_plover;0;8;3;0;82
089-little_ringed_plover;0;8;4;83;161
089-little_ringed_plover;0;8;3;162;220
089-little_ringed_plover;0;8;4;221;345
089-little_ringed_plover;0;8;3;346;432
090-little_ringed_plover;0;8;4;0;59
090-little_ringed_plover;0;8;0;60;144
090-little_ringed_plover;0;8;3;145;269
091-little_ringed_plover;0;8;3;0;55
091-little_ringed_plover;0;8;4;56;103
091-little_ringed_plover;0;8;3;104;218
091-little_ringed_plover;0;8;4;219;319
091-little_ringed_plover;0;8;3;320;381
091-little_ringed_plover;0;8;4;382;454
091-little_ringed_plover;0;8;3;455;613
092-little_ringed_plover;0;8;3;0;122
093-little_ringed_plover;0;8;0;0;44
093-little_ringed_plover;0;8;3;45;178
093-little_ringed_plover;0;8;0;179;234
093-little_ringed_plover;0;8;3;235;264
094-white_wagtail;0;0;4;0;582
094-white_wagtail;0;0;1;583;633
094-white_wagtail;0;0;4;634;1067
095-white_wagtail;0;0;0;0;135
095-white_wagtail;0;0;6;136;185
095-white_wagtail;0;0;4;186;410
095-white_wagtail;0;0;0;411;509
095-white_wagtail;0;0;4;510;755
095-white_wagtail;0;0;5;756;770
096-white_wagtail;0;0;0;0;206
096-white_wagtail;0;0;0;357;1040
097-white_wagtail;0;0;4;0;515
097-white_wagtail;0;0;5;516;528
098-white_wagtail;0;0;3;0;115
098-white_wagtail;0;0;0;116;248
098-white_wagtail;0;0;5;249;289
098-white_wagtail;0;0;4;290;466
098-white_wagtail;0;0;5;467;481
098-white_wagtail;0;0;5;493;499
099-white_wagtail;0;0;0;0;314
099-white_wagtail;0;0;4;315;591
100-eurasian_coot;0;7;1;0;368
100-eurasian_coot;0;7;2;369;860
101-eurasian_coot;0;7;1;0;168
101-eurasian_coot;0;7;6;169;225
101-eurasian_coot;0;7;1;226;571
101-eurasian_coot;1;7;1;0;153
101-eurasian_coot;1;7;6;154;200
101-eurasian_coot;1;7;1;201;571
102-eurasian_coot;0;7;2;0;515
103-eurasian_coot;0;7;2;0;113
103-eurasian_coot;0;7;1;114;291
103-eurasian_coot;0;7;2;292;437
104-eurasian_coot;0;7;0;0;305
104-eurasian_coot;0;7;6;306;428
104-eurasian_coot;0;7;2;429;732
105-eurasian_coot;0;7;2;0;800
106-eurasian_coot;0;7;2;0;463
107-eurasian_coot;0;7;1;0;835
108-eurasian_coot;0;7;0;0;255
108-eurasian_coot;0;7;2;256;466
109-eurasian_coot;0;7;1;0;437
109-eurasian_coot;0;7;4;438;525
109-eurasian_coot;0;7;1;526;825
110-eurasian_coot;0;7;1;0;221
111-eurasian_coot;0;7;1;0;155
112-eurasian_coot;0;7;3;0;69
112-eurasian_coot;0;7;4;70;596
112-eurasian_coot;0;7;3;597;919
113-eurasian_moorhen;0;9;0;0;603
114-eurasian_moorhen;0;9;0;0;235
114-eurasian_moorhen;0;9;3;236;603
115-eurasian_moorhen;0;9;3;0;161
115-eurasian_moorhen;0;9;0;162;180
115-eurasian_moorhen;0;9;4;181;311
115-eurasian_moorhen;0;9;0;312;372
115-eurasian_moorhen;0;9;4;373;399
115-eurasian_moorhen;0;9;0;400;601
116-eurasian_moorhen;0;9;0;0;459
116-eurasian_moorhen;0;9;3;460;533
116-eurasian_moorhen;0;9;0;534;603
117-eurasian_moorhen;0;9;0;0;106
117-eurasian_moorhen;0;9;4;107;126
117-eurasian_moorhen;0;9;0;127;135
117-eurasian_moorhen;0;9;4;136;154
117-eurasian_moorhen;0;9;0;155;196
117-eurasian_moorhen;0;9;4;197;603
118-eurasian_moorhen;0;9;3;0;541
118-eurasian_moorhen;0;9;0;542;602
119-eurasian_moorhen;0;9;3;0;480
119-eurasian_moorhen;0;9;0;481;603
120-eurasian_moorhen;0;9;4;0;71
120-eurasian_moorhen;0;9;0;72;565
120-eurasian_moorhen;0;9;4;566;693
120-eurasian_moorhen;0;9;0;694;870
121-eurasian_moorhen;0;9;3;0;41
121-eurasian_moorhen;0;9;0;42;423
121-eurasian_moorhen;0;9;4;424;477
121-eurasian_moorhen;0;9;0;478;599
122-black_headed_gull;0;6;0;0;203
122-black_headed_gull;0;6;6;204;1383
123-black_headed_gull;0;6;0;0;173
123-black_headed_gull;0;6;4;174;233
123-black_headed_gull;0;6;0;234;336
123-black_headed_gull;0;6;4;337;396
123-black_headed_gull;0;6;3;397;586
123-black_headed_gull;0;6;0;587;603
124-black_headed_gull;0;6;0;0;127
124-black_headed_gull;0;6;3;128;195
124-black_headed_gull;0;6;0;196;307
124-black_headed_gull;0;6;3;308;365
124-black_headed_gull;0;6;0;366;603
125-eurasian_magpie;0;10;0;0;603
126-eurasian_magpie;0;10;0;0;602
127-eurasian_magpie;0;10;4;0;40
127-eurasian_magpie;0;10;3;41;465
127-eurasian_magpie;1;10;4;106;389
127-eurasian_magpie;1;10;3;390;418
127-eurasian_magpie;1;10;5;419;461
127-eurasian_magpie;2;10;5;462;466
127-eurasian_magpie;3;10;3;466;499
127-eurasian_magpie;3;10;6;500;542
127-eurasian_magpie;3;10;6;553;553
127-eurasian_magpie;3;10;6;562;573
127-eurasian_magpie;3;10;6;575;576
127-eurasian_magpie;3;10;6;587;601
127-eurasian_magpie;4;10;3;467;467
127-eurasian_magpie;4;10;3;543;552
127-eurasian_magpie;4;10;3;554;561
127-eurasian_magpie;4;10;3;574;574
127-eurasian_magpie;4;10;3;577;586
127-eurasian_magpie;5;10;3;468;473
128-eurasian_moorhen;0;9;0;0;205
128-eurasian_moorhen;0;9;0;207;260
128-eurasian_moorhen;0;9;3;261;315
128-eurasian_moorhen;0;9;0;316;405
128-eurasian_moorhen;0;9;3;406;516
128-eurasian_moorhen;0;9;4;517;595
129-eurasian_magpie;0;10;3;0;46
129-eurasian_magpie;0;10;4;47;419
129-eurasian_magpie;0;10;3;420;487
129-eurasian_magpie;0;10;3;489;489
129-eurasian_magpie;1;10;6;0;34
130-eurasian_magpie;0;10;0;0;210
130-eurasian_magpie;0;10;4;211;264
130-eurasian_magpie;0;10;0;265;536
130-eurasian_magpie;0;10;4;537;569
130-eurasian_magpie;0;10;5;570;580
131-eurasian_magpie;0;10;4;0;602
131-eurasian_magpie;1;10;4;0;108
131-eurasian_magpie;1;10;0;109;111
131-eurasian_magpie;1;10;6;112;337
131-eurasian_magpie;1;10;3;338;462
132-eurasian_magpie;0;10;0;0;272
132-eurasian_magpie;0;10;4;273;355
132-eurasian_magpie;0;10;0;356;602
133-eurasian_magpie;0;10;0;0;604
134-eurasian_magpie;0;10;0;0;604
135-eurasian_magpie;0;10;0;0;255
135-eurasian_magpie;0;10;4;256;368
135-eurasian_magpie;0;10;0;369;602
136-eurasian_magpie;0;10;0;0;31
136-eurasian_magpie;0;10;0;33;104
136-eurasian_magpie;0;10;4;105;211
136-eurasian_magpie;0;10;0;212;390
136-eurasian_magpie;0;10;4;391;491
136-eurasian_magpie;0;10;0;492;603
137-eurasian_magpie;0;10;0;0;408
137-eurasian_magpie;0;10;3;409;490
137-eurasian_magpie;0;10;0;491;603
138-eurasian_magpie;0;10;4;0;35
138-eurasian_magpie;0;10;0;36;604
139-eurasian_coot;0;7;1;0;965
140-mallard;0;12;3;0;217
140-mallard;0;12;0;218;241
140-mallard;0;12;3;242;340
140-mallard;0;12;0;341;383
140-mallard;0;12;3;384;408
140-mallard;0;12;2;409;603
141-mallard;0;12;0;0;355
141-mallard;1;12;0;0;299
141-mallard;1;12;3;300;360
141-mallard;1;12;0;361;415
141-mallard;2;12;4;0;413
141-mallard;2;12;3;414;516
141-mallard;3;12;0;77;283
141-mallard;4;12;2;258;603
141-mallard;5;12;0;416;469
141-mallard;5;12;3;470;603
142-mallard;0;12;0;0;601
143-squacco_heron;0;2;4;0;244
143-squacco_heron;0;2;3;245;300
144-squacco_heron;0;2;0;0;329
144-squacco_heron;0;2;0;331;601
145-squacco_heron;0;2;4;0;601
146-squacco_heron;0;2;4;0;601
147-squacco_heron;0;2;4;0;601
148-squacco_heron;0;2;3;0;74
148-squacco_heron;0;2;0;75;137
148-squacco_heron;0;2;3;138;601
149-squacco_heron;0;2;4;0;601
150-squacco_heron;0;2;3;0;372
150-squacco_heron;0;2;4;373;601
151-squacco_heron;0;2;4;0;601
152-squacco_heron;0;2;3;0;151
152-squacco_heron;0;2;4;152;418
152-squacco_heron;0;2;3;419;601
153-squacco_heron;0;2;3;0;433
153-squacco_heron;0;2;4;434;603
154-northern_shoveler;0;5;2;0;176
154-northern_shoveler;0;5;0;177;865
155-black_winged_stilt;0;3;3;0;56
155-black_winged_stilt;0;3;0;57;86
155-black_winged_stilt;0;3;3;87;137
155-black_winged_stilt;0;3;0;138;191
155-black_winged_stilt;0;3;3;192;276
155-black_winged_stilt;0;3;3;350;575
156-black_winged_stilt;0;3;0;0;70
156-black_winged_stilt;0;3;3;71;238
156-black_winged_stilt;0;3;0;239;394
156-black_winged_stilt;0;3;3;395;526
156-black_winged_stilt;0;3;0;527;625
157-black_winged_stilt;0;3;0;0;93
157-black_winged_stilt;0;3;3;94;140
157-black_winged_stilt;0;3;0;141;171
157-black_winged_stilt;0;3;3;172;442
157-black_winged_stilt;0;3;0;443;501
157-black_winged_stilt;0;3;3;502;512
157-black_winged_stilt;0;3;0;513;602
158-black_winged_stilt;0;3;3;0;99
158-black_winged_stilt;0;3;0;100;240
158-black_winged_stilt;0;3;3;241;399
158-black_winged_stilt;0;3;0;400;431
158-black_winged_stilt;0;3;3;432;492
158-black_winged_stilt;0;3;0;493;563
158-black_winged_stilt;0;3;3;564;603
159-yellow_legged_gull;0;4;0;0;80
159-yellow_legged_gull;0;4;4;81;450
159-yellow_legged_gull;0;4;0;451;681
159-yellow_legged_gull;0;4;4;682;782
159-yellow_legged_gull;0;4;0;783;812
159-yellow_legged_gull;0;4;4;813;960
159-yellow_legged_gull;0;4;0;961;997
159-yellow_legged_gull;0;4;3;998;1061
160-glossy_ibis;0;1;0;0;124
160-glossy_ibis;0;1;0;126;242
160-glossy_ibis;0;1;0;245;262
160-glossy_ibis;1;1;0;0;243
160-glossy_ibis;1;1;0;245;626
160-glossy_ibis;2;1;0;0;626
160-glossy_ibis;3;1;0;0;126
160-glossy_ibis;3;1;0;135;137
160-glossy_ibis;3;1;0;185;220
160-glossy_ibis;3;1;0;222;235
160-glossy_ibis;3;1;5;236;236
160-glossy_ibis;3;1;5;241;242
160-glossy_ibis;3;1;5;263;626
160-glossy_ibis;4;1;0;125;125
160-glossy_ibis;4;1;0;127;134
160-glossy_ibis;4;1;0;138;184
160-glossy_ibis;4;1;0;238;240
160-glossy_ibis;5;1;0;221;221
160-glossy_ibis;5;1;0;237;237
160-glossy_ibis;5;1;0;625;626
160-glossy_ibis;6;1;0;243;244
161-glossy_ibis;0;1;0;0;83
161-glossy_ibis;0;1;0;94;118
161-glossy_ibis;1;1;0;0;82
161-glossy_ibis;2;1;0;83;93
161-glossy_ibis;2;1;0;119;843
161-glossy_ibis;3;1;0;84;221
162-glossy_ibis;0;1;0;0;631
162-glossy_ibis;1;1;0;0;631
162-glossy_ibis;2;1;0;0;631
163-white_wagtail;0;0;4;0;144
163-white_wagtail;0;0;0;145;240
163-white_wagtail;0;0;4;241;372
163-white_wagtail;0;0;0;373;605
164-white_wagtail;0;0;0;0;602
165-glossy_ibis;0;1;0;0;418
165-glossy_ibis;0;1;0;420;602
166-white_wagtail;0;0;0;0;87
166-white_wagtail;0;0;4;88;198
166-white_wagtail;0;0;0;199;243
166-white_wagtail;0;0;4;244;356
166-white_wagtail;0;0;0;357;600
167-white_wagtail;0;0;4;0;249
167-white_wagtail;0;0;5;250;264
167-white_wagtail;0;0;5;266;267
167-white_wagtail;0;0;5;269;269
167-white_wagtail;0;0;0;291;538
167-white_wagtail;0;0;5;539;550
168-white_wagtail;0;0;0;0;102
168-white_wagtail;0;0;3;103;254
168-white_wagtail;0;0;0;255;390
168-white_wagtail;0;0;4;391;602
169-black_winged_stilt;0;3;3;0;255
169-black_winged_stilt;0;3;0;256;602
170-black_winged_stilt;0;3;0;0;87
170-black_winged_stilt;0;3;3;88;158
170-black_winged_stilt;0;3;0;159;548
170-black_winged_stilt;0;3;3;549;626
171-black_winged_stilt;2;3;0;0;639
171-black_winged_stilt;3;3;6;0;434
171-black_winged_stilt;3;3;0;435;639
171-black_winged_stilt;0;3;5;579;614
171-black_winged_stilt;0;3;4;615;639
171-black_winged_stilt;1;3;5;591;632
171-black_winged_stilt;1;3;4;633;639
172-black_headed_gull;0;6;0;0;601
173-black_headed_gull;0;6;0;0;601
174-eurasian_coot;0;7;1;0;705
175-eurasian_coot;0;7;0;0;604
176-black_headed_gull;0;6;0;0;322
176-black_headed_gull;0;6;6;323;603
177-eurasian_magpie;0;10;0;0;138
177-eurasian_magpie;0;10;4;139;579
177-eurasian_magpie;0;10;0;580;602
178-white_wagtail;0;0;3;0;212
178-white_wagtail;0;0;6;213;216
178-white_wagtail;0;0;0;217;466
178-white_wagtail;0;0;3;467;468
178-white_wagtail;0;0;0;469;602
